[{"model": "admin.logentry", "pk": 1, "fields": {"action_time": "2024-05-08T05:42:57.518Z", "user": 1, "content_type": 7, "object_id": "2", "object_repr": "we", "action_flag": 3, "change_message": ""}}, {"model": "admin.logentry", "pk": 2, "fields": {"action_time": "2024-05-08T05:42:57.525Z", "user": 1, "content_type": 7, "object_id": "1", "object_repr": "ew", "action_flag": 3, "change_message": ""}}, {"model": "admin.logentry", "pk": 3, "fields": {"action_time": "2024-05-08T06:05:04.960Z", "user": 1, "content_type": 7, "object_id": "3", "object_repr": "wer", "action_flag": 3, "change_message": ""}}, {"model": "admin.logentry", "pk": 4, "fields": {"action_time": "2024-05-12T17:43:37.661Z", "user": 1, "content_type": 4, "object_id": "2", "object_repr": "try", "action_flag": 3, "change_message": ""}}, {"model": "admin.logentry", "pk": 5, "fields": {"action_time": "2024-05-13T03:02:09.257Z", "user": 1, "content_type": 4, "object_id": "3", "object_repr": "try", "action_flag": 2, "change_message": "[{\"changed\": {\"fields\": [\"First name\", \"Last name\"]}}]"}}, {"model": "admin.logentry", "pk": 6, "fields": {"action_time": "2024-05-13T03:32:56.977Z", "user": 1, "content_type": 10, "object_id": "1", "object_repr": "try", "action_flag": 1, "change_message": "[{\"added\": {}}]"}}, {"model": "admin.logentry", "pk": 7, "fields": {"action_time": "2024-05-13T03:45:06.323Z", "user": 1, "content_type": 10, "object_id": "1", "object_repr": "try", "action_flag": 3, "change_message": ""}}, {"model": "admin.logentry", "pk": 8, "fields": {"action_time": "2024-05-13T05:13:35.993Z", "user": 1, "content_type": 4, "object_id": "4", "object_repr": "der", "action_flag": 3, "change_message": ""}}, {"model": "admin.logentry", "pk": 9, "fields": {"action_time": "2024-05-13T05:13:44.133Z", "user": 1, "content_type": 4, "object_id": "3", "object_repr": "trytry", "action_flag": 3, "change_message": ""}}, {"model": "admin.logentry", "pk": 10, "fields": {"action_time": "2024-05-13T05:20:54.860Z", "user": 1, "content_type": 4, "object_id": "5", "object_repr": "der", "action_flag": 3, "change_message": ""}}, {"model": "admin.logentry", "pk": 11, "fields": {"action_time": "2024-05-13T05:42:51.527Z", "user": 1, "content_type": 10, "object_id": "1", "object_repr": "", "action_flag": 3, "change_message": ""}}, {"model": "admin.logentry", "pk": 12, "fields": {"action_time": "2024-05-13T05:42:59.204Z", "user": 1, "content_type": 4, "object_id": "6", "object_repr": "der", "action_flag": 3, "change_message": ""}}, {"model": "admin.logentry", "pk": 13, "fields": {"action_time": "2024-05-13T05:47:08.119Z", "user": 1, "content_type": 10, "object_id": "2", "object_repr": "der8", "action_flag": 3, "change_message": ""}}, {"model": "admin.logentry", "pk": 14, "fields": {"action_time": "2024-05-13T05:47:19.239Z", "user": 1, "content_type": 4, "object_id": "7", "object_repr": "derder", "action_flag": 3, "change_message": ""}}, {"model": "admin.logentry", "pk": 15, "fields": {"action_time": "2024-05-13T10:16:22.957Z", "user": 1, "content_type": 11, "object_id": "7", "object_repr": "asd", "action_flag": 3, "change_message": ""}}, {"model": "admin.logentry", "pk": 16, "fields": {"action_time": "2024-05-13T10:16:22.963Z", "user": 1, "content_type": 11, "object_id": "6", "object_repr": "asd", "action_flag": 3, "change_message": ""}}, {"model": "admin.logentry", "pk": 17, "fields": {"action_time": "2024-05-13T10:16:22.968Z", "user": 1, "content_type": 11, "object_id": "5", "object_repr": "asd", "action_flag": 3, "change_message": ""}}, {"model": "admin.logentry", "pk": 18, "fields": {"action_time": "2024-05-13T10:16:22.973Z", "user": 1, "content_type": 11, "object_id": "4", "object_repr": "asd", "action_flag": 3, "change_message": ""}}, {"model": "admin.logentry", "pk": 19, "fields": {"action_time": "2024-05-13T10:16:22.977Z", "user": 1, "content_type": 11, "object_id": "3", "object_repr": "Red Rice", "action_flag": 3, "change_message": ""}}, {"model": "admin.logentry", "pk": 20, "fields": {"action_time": "2024-05-13T10:16:22.982Z", "user": 1, "content_type": 11, "object_id": "2", "object_repr": "asd", "action_flag": 3, "change_message": ""}}, {"model": "admin.logentry", "pk": 21, "fields": {"action_time": "2024-05-13T10:16:22.989Z", "user": 1, "content_type": 11, "object_id": "1", "object_repr": "Red Rice", "action_flag": 3, "change_message": ""}}, {"model": "admin.logentry", "pk": 22, "fields": {"action_time": "2024-05-13T14:13:38.712Z", "user": 1, "content_type": 11, "object_id": "8", "object_repr": "Red Rice", "action_flag": 2, "change_message": "[{\"changed\": {\"fields\": [\"Product price\"]}}]"}}, {"model": "admin.logentry", "pk": 23, "fields": {"action_time": "2024-05-13T14:13:42.538Z", "user": 1, "content_type": 11, "object_id": "10", "object_repr": "rawr", "action_flag": 2, "change_message": "[{\"changed\": {\"fields\": [\"Product price\"]}}]"}}, {"model": "admin.logentry", "pk": 24, "fields": {"action_time": "2024-05-13T14:13:48.571Z", "user": 1, "content_type": 11, "object_id": "8", "object_repr": "Red Rice", "action_flag": 2, "change_message": "[]"}}, {"model": "admin.logentry", "pk": 25, "fields": {"action_time": "2024-05-13T14:13:50.683Z", "user": 1, "content_type": 11, "object_id": "10", "object_repr": "rawr", "action_flag": 2, "change_message": "[]"}}, {"model": "admin.logentry", "pk": 26, "fields": {"action_time": "2024-05-13T14:13:53.678Z", "user": 1, "content_type": 11, "object_id": "9", "object_repr": "asd", "action_flag": 2, "change_message": "[{\"changed\": {\"fields\": [\"Product price\"]}}]"}}, {"model": "admin.logentry", "pk": 27, "fields": {"action_time": "2024-05-13T14:15:11.320Z", "user": 1, "content_type": 11, "object_id": "10", "object_repr": "rawr", "action_flag": 3, "change_message": ""}}, {"model": "admin.logentry", "pk": 28, "fields": {"action_time": "2024-05-13T14:15:11.328Z", "user": 1, "content_type": 11, "object_id": "9", "object_repr": "asd", "action_flag": 3, "change_message": ""}}, {"model": "admin.logentry", "pk": 29, "fields": {"action_time": "2024-05-13T14:15:11.336Z", "user": 1, "content_type": 11, "object_id": "8", "object_repr": "Red Rice", "action_flag": 3, "change_message": ""}}, {"model": "admin.logentry", "pk": 30, "fields": {"action_time": "2024-05-13T14:55:26.299Z", "user": 1, "content_type": 11, "object_id": "14", "object_repr": "try", "action_flag": 3, "change_message": ""}}, {"model": "admin.logentry", "pk": 31, "fields": {"action_time": "2024-05-13T15:30:25.017Z", "user": 1, "content_type": 12, "object_id": "6", "object_repr": "Kaning Baboy x 1 - emjey", "action_flag": 3, "change_message": ""}}, {"model": "admin.logentry", "pk": 32, "fields": {"action_time": "2024-05-13T15:30:28.001Z", "user": 1, "content_type": 12, "object_id": "1", "object_repr": "Kaning Baboy x 1 - der", "action_flag": 3, "change_message": ""}}, {"model": "admin.logentry", "pk": 33, "fields": {"action_time": "2024-05-13T15:33:01.298Z", "user": 1, "content_type": 11, "object_id": "15", "object_repr": "t", "action_flag": 3, "change_message": ""}}, {"model": "admin.logentry", "pk": 34, "fields": {"action_time": "2024-05-14T00:12:20.773Z", "user": 1, "content_type": 11, "object_id": "13", "object_repr": "Brown Rice", "action_flag": 2, "change_message": "[{\"changed\": {\"fields\": [\"Product name\", \"Product description\"]}}]"}}, {"model": "admin.logentry", "pk": 35, "fields": {"action_time": "2024-05-14T00:13:03.374Z", "user": 1, "content_type": 11, "object_id": "12", "object_repr": "Corn Rice", "action_flag": 2, "change_message": "[{\"changed\": {\"fields\": [\"Product name\", \"Product description\"]}}]"}}, {"model": "admin.logentry", "pk": 36, "fields": {"action_time": "2024-05-14T00:13:59.453Z", "user": 1, "content_type": 11, "object_id": "11", "object_repr": "Basmati Rice", "action_flag": 2, "change_message": "[{\"changed\": {\"fields\": [\"Product name\", \"Product description\"]}}]"}}, {"model": "admin.logentry", "pk": 37, "fields": {"action_time": "2024-05-14T13:46:55.124Z", "user": 1, "content_type": 4, "object_id": "8", "object_repr": "der", "action_flag": 3, "change_message": ""}}, {"model": "admin.logentry", "pk": 38, "fields": {"action_time": "2024-05-14T13:47:15.028Z", "user": 1, "content_type": 10, "object_id": "3", "object_repr": "der8", "action_flag": 3, "change_message": ""}}, {"model": "admin.logentry", "pk": 39, "fields": {"action_time": "2024-05-14T14:09:56.354Z", "user": 1, "content_type": 9, "object_id": "1", "object_repr": "Unnamed Account", "action_flag": 3, "change_message": ""}}, {"model": "admin.logentry", "pk": 40, "fields": {"action_time": "2024-05-14T14:10:03.818Z", "user": 1, "content_type": 4, "object_id": "12", "object_repr": "dadulsawolDSDS", "action_flag": 3, "change_message": ""}}, {"model": "admin.logentry", "pk": 41, "fields": {"action_time": "2024-05-14T14:10:03.829Z", "user": 1, "content_type": 4, "object_id": "11", "object_repr": "dasddada", "action_flag": 3, "change_message": ""}}, {"model": "admin.logentry", "pk": 42, "fields": {"action_time": "2024-05-14T14:10:03.837Z", "user": 1, "content_type": 4, "object_id": "13", "object_repr": "dasddadadsd", "action_flag": 3, "change_message": ""}}, {"model": "admin.logentry", "pk": 43, "fields": {"action_time": "2024-05-14T14:10:03.837Z", "user": 1, "content_type": 4, "object_id": "14", "object_repr": "der", "action_flag": 3, "change_message": ""}}, {"model": "admin.logentry", "pk": 44, "fields": {"action_time": "2024-05-14T14:32:47.620Z", "user": 1, "content_type": 11, "object_id": "13", "object_repr": "Brown Rice", "action_flag": 3, "change_message": ""}}, {"model": "admin.logentry", "pk": 45, "fields": {"action_time": "2024-05-14T14:32:47.629Z", "user": 1, "content_type": 11, "object_id": "12", "object_repr": "Corn Rice", "action_flag": 3, "change_message": ""}}, {"model": "admin.logentry", "pk": 46, "fields": {"action_time": "2024-05-14T14:32:47.637Z", "user": 1, "content_type": 11, "object_id": "11", "object_repr": "Basmati Rice", "action_flag": 3, "change_message": ""}}, {"model": "admin.logentry", "pk": 47, "fields": {"action_time": "2024-05-14T14:49:41.774Z", "user": 1, "content_type": 11, "object_id": "19", "object_repr": "Basmati Rice", "action_flag": 3, "change_message": ""}}, {"model": "admin.logentry", "pk": 48, "fields": {"action_time": "2024-05-14T14:49:41.818Z", "user": 1, "content_type": 11, "object_id": "18", "object_repr": "1", "action_flag": 3, "change_message": ""}}, {"model": "admin.logentry", "pk": 49, "fields": {"action_time": "2024-05-14T14:49:41.818Z", "user": 1, "content_type": 11, "object_id": "17", "object_repr": "1", "action_flag": 3, "change_message": ""}}, {"model": "admin.logentry", "pk": 50, "fields": {"action_time": "2024-05-14T14:50:01.324Z", "user": 1, "content_type": 11, "object_id": "16", "object_repr": "Basmati Rice", "action_flag": 2, "change_message": "[{\"changed\": {\"fields\": [\"Product picture\"]}}]"}}, {"model": "admin.logentry", "pk": 51, "fields": {"action_time": "2024-05-15T10:16:21.612Z", "user": 1, "content_type": 11, "object_id": "21", "object_repr": "asd", "action_flag": 3, "change_message": ""}}, {"model": "admin.logentry", "pk": 52, "fields": {"action_time": "2024-05-15T10:16:25.728Z", "user": 1, "content_type": 11, "object_id": "22", "object_repr": "asd", "action_flag": 3, "change_message": ""}}, {"model": "admin.logentry", "pk": 53, "fields": {"action_time": "2024-05-18T16:39:27.304Z", "user": 1, "content_type": 4, "object_id": "17", "object_repr": "asd", "action_flag": 3, "change_message": ""}}, {"model": "admin.logentry", "pk": 54, "fields": {"action_time": "2024-05-18T16:39:27.314Z", "user": 1, "content_type": 4, "object_id": "18", "object_repr": "asdasd", "action_flag": 3, "change_message": ""}}, {"model": "admin.logentry", "pk": 55, "fields": {"action_time": "2024-05-18T16:39:27.320Z", "user": 1, "content_type": 4, "object_id": "16", "object_repr": "emjeyy", "action_flag": 3, "change_message": ""}}, {"model": "admin.logentry", "pk": 56, "fields": {"action_time": "2024-05-19T02:20:14.665Z", "user": 1, "content_type": 13, "object_id": "1", "object_repr": "Order for Basmati Rice by der", "action_flag": 3, "change_message": ""}}, {"model": "admin.logentry", "pk": 57, "fields": {"action_time": "2024-05-19T02:31:08.272Z", "user": 1, "content_type": 13, "object_id": "2", "object_repr": "Order for rice by Sa by der", "action_flag": 3, "change_message": ""}}, {"model": "admin.logentry", "pk": 58, "fields": {"action_time": "2024-05-19T02:39:26.743Z", "user": 1, "content_type": 13, "object_id": "4", "object_repr": "Order for Keifks by der", "action_flag": 3, "change_message": ""}}, {"model": "admin.logentry", "pk": 59, "fields": {"action_time": "2024-05-19T02:39:26.751Z", "user": 1, "content_type": 13, "object_id": "3", "object_repr": "Order for rice by Sa by der", "action_flag": 3, "change_message": ""}}, {"model": "admin.logentry", "pk": 60, "fields": {"action_time": "2024-05-19T10:59:46.026Z", "user": 1, "content_type": 4, "object_id": "19", "object_repr": "asd", "action_flag": 3, "change_message": ""}}, {"model": "admin.logentry", "pk": 61, "fields": {"action_time": "2024-05-19T10:59:46.036Z", "user": 1, "content_type": 4, "object_id": "20", "object_repr": "sa", "action_flag": 3, "change_message": ""}}, {"model": "admin.logentry", "pk": 62, "fields": {"action_time": "2024-05-19T11:00:07.232Z", "user": 1, "content_type": 11, "object_id": "28", "object_repr": "asd", "action_flag": 3, "change_message": ""}}, {"model": "admin.logentry", "pk": 63, "fields": {"action_time": "2024-05-19T11:00:07.238Z", "user": 1, "content_type": 11, "object_id": "27", "object_repr": "asd", "action_flag": 3, "change_message": ""}}, {"model": "admin.logentry", "pk": 64, "fields": {"action_time": "2024-05-19T11:00:07.244Z", "user": 1, "content_type": 11, "object_id": "26", "object_repr": "CasTrue", "action_flag": 3, "change_message": ""}}, {"model": "admin.logentry", "pk": 65, "fields": {"action_time": "2024-05-20T08:02:38.611Z", "user": 1, "content_type": 4, "object_id": "10", "object_repr": "dadulsawol", "action_flag": 3, "change_message": ""}}, {"model": "admin.logentry", "pk": 66, "fields": {"action_time": "2024-05-20T08:02:38.619Z", "user": 1, "content_type": 4, "object_id": "15", "object_repr": "der", "action_flag": 3, "change_message": ""}}, {"model": "admin.logentry", "pk": 67, "fields": {"action_time": "2024-05-20T08:02:38.619Z", "user": 1, "content_type": 4, "object_id": "9", "object_repr": "emjey", "action_flag": 3, "change_message": ""}}, {"model": "admin.logentry", "pk": 68, "fields": {"action_time": "2024-05-20T08:03:00.011Z", "user": 1, "content_type": 11, "object_id": "25", "object_repr": "test", "action_flag": 3, "change_message": ""}}, {"model": "admin.logentry", "pk": 69, "fields": {"action_time": "2024-05-20T08:03:00.050Z", "user": 1, "content_type": 11, "object_id": "24", "object_repr": "rice by Sa", "action_flag": 3, "change_message": ""}}, {"model": "admin.logentry", "pk": 70, "fields": {"action_time": "2024-05-20T08:03:00.059Z", "user": 1, "content_type": 11, "object_id": "23", "object_repr": "Keifks", "action_flag": 3, "change_message": ""}}, {"model": "admin.logentry", "pk": 71, "fields": {"action_time": "2024-05-20T08:03:00.067Z", "user": 1, "content_type": 11, "object_id": "20", "object_repr": "Rice Corn", "action_flag": 3, "change_message": ""}}, {"model": "admin.logentry", "pk": 72, "fields": {"action_time": "2024-05-20T08:03:00.067Z", "user": 1, "content_type": 11, "object_id": "16", "object_repr": "Basmati Rice", "action_flag": 3, "change_message": ""}}, {"model": "admin.logentry", "pk": 73, "fields": {"action_time": "2024-05-20T08:03:28.380Z", "user": 1, "content_type": 10, "object_id": "15", "object_repr": "sa8", "action_flag": 3, "change_message": ""}}, {"model": "admin.logentry", "pk": 74, "fields": {"action_time": "2024-05-20T08:03:28.407Z", "user": 1, "content_type": 10, "object_id": "14", "object_repr": "asd", "action_flag": 3, "change_message": ""}}, {"model": "admin.logentry", "pk": 75, "fields": {"action_time": "2024-05-20T08:03:28.416Z", "user": 1, "content_type": 10, "object_id": "13", "object_repr": "asd", "action_flag": 3, "change_message": ""}}, {"model": "admin.logentry", "pk": 76, "fields": {"action_time": "2024-05-20T08:03:28.416Z", "user": 1, "content_type": 10, "object_id": "12", "object_repr": "asd", "action_flag": 3, "change_message": ""}}, {"model": "admin.logentry", "pk": 77, "fields": {"action_time": "2024-05-20T08:03:28.439Z", "user": 1, "content_type": 10, "object_id": "11", "object_repr": "asd", "action_flag": 3, "change_message": ""}}, {"model": "admin.logentry", "pk": 78, "fields": {"action_time": "2024-05-20T08:03:28.439Z", "user": 1, "content_type": 10, "object_id": "10", "object_repr": "der8", "action_flag": 3, "change_message": ""}}, {"model": "admin.logentry", "pk": 79, "fields": {"action_time": "2024-05-20T08:03:28.449Z", "user": 1, "content_type": 10, "object_id": "9", "object_repr": "der8", "action_flag": 3, "change_message": ""}}, {"model": "admin.logentry", "pk": 80, "fields": {"action_time": "2024-05-20T08:03:28.449Z", "user": 1, "content_type": 10, "object_id": "8", "object_repr": "", "action_flag": 3, "change_message": ""}}, {"model": "admin.logentry", "pk": 81, "fields": {"action_time": "2024-05-20T08:03:28.463Z", "user": 1, "content_type": 10, "object_id": "7", "object_repr": "", "action_flag": 3, "change_message": ""}}, {"model": "admin.logentry", "pk": 82, "fields": {"action_time": "2024-05-20T08:03:28.471Z", "user": 1, "content_type": 10, "object_id": "6", "object_repr": "", "action_flag": 3, "change_message": ""}}, {"model": "admin.logentry", "pk": 83, "fields": {"action_time": "2024-05-20T08:03:28.483Z", "user": 1, "content_type": 10, "object_id": "5", "object_repr": "372 Atis St Landtenure", "action_flag": 3, "change_message": ""}}, {"model": "admin.logentry", "pk": 84, "fields": {"action_time": "2024-05-20T08:03:28.491Z", "user": 1, "content_type": 10, "object_id": "4", "object_repr": "1103 Hev Abi, Downtown", "action_flag": 3, "change_message": ""}}, {"model": "admin.logentry", "pk": 85, "fields": {"action_time": "2024-05-20T08:08:30.554Z", "user": 1, "content_type": 9, "object_id": "8", "object_repr": "der", "action_flag": 2, "change_message": "[{\"changed\": {\"fields\": [\"Profile picture\"]}}]"}}, {"model": "admin.logentry", "pk": 86, "fields": {"action_time": "2024-05-22T07:08:17.027Z", "user": 1, "content_type": 4, "object_id": "21", "object_repr": "der", "action_flag": 3, "change_message": ""}}, {"model": "admin.logentry", "pk": 87, "fields": {"action_time": "2024-05-22T07:08:30.534Z", "user": 1, "content_type": 11, "object_id": "31", "object_repr": "McRice", "action_flag": 3, "change_message": ""}}, {"model": "admin.logentry", "pk": 88, "fields": {"action_time": "2024-05-22T07:08:30.541Z", "user": 1, "content_type": 11, "object_id": "30", "object_repr": "Corn Rice", "action_flag": 3, "change_message": ""}}, {"model": "admin.logentry", "pk": 89, "fields": {"action_time": "2024-05-22T07:08:30.547Z", "user": 1, "content_type": 11, "object_id": "29", "object_repr": "Basmati Rice", "action_flag": 3, "change_message": ""}}, {"model": "admin.logentry", "pk": 90, "fields": {"action_time": "2024-05-22T07:08:40.094Z", "user": 1, "content_type": 10, "object_id": "16", "object_repr": "der6", "action_flag": 3, "change_message": ""}}, {"model": "admin.logentry", "pk": 91, "fields": {"action_time": "2024-05-22T08:48:52.904Z", "user": 1, "content_type": 4, "object_id": "22", "object_repr": "der", "action_flag": 3, "change_message": ""}}, {"model": "admin.logentry", "pk": 92, "fields": {"action_time": "2024-05-22T08:48:52.920Z", "user": 1, "content_type": 4, "object_id": "23", "object_repr": "sasa", "action_flag": 3, "change_message": ""}}, {"model": "admin.logentry", "pk": 93, "fields": {"action_time": "2024-05-22T08:49:00.835Z", "user": 1, "content_type": 11, "object_id": "32", "object_repr": "McRice", "action_flag": 3, "change_message": ""}}, {"model": "admin.logentry", "pk": 94, "fields": {"action_time": "2024-05-22T08:49:07.572Z", "user": 1, "content_type": 10, "object_id": "18", "object_repr": "sasa6", "action_flag": 3, "change_message": ""}}, {"model": "admin.logentry", "pk": 95, "fields": {"action_time": "2024-05-22T08:49:07.579Z", "user": 1, "content_type": 10, "object_id": "17", "object_repr": "der6", "action_flag": 3, "change_message": ""}}, {"model": "admin.logentry", "pk": 96, "fields": {"action_time": "2024-05-22T08:57:39.232Z", "user": 1, "content_type": 4, "object_id": "24", "object_repr": "der", "action_flag": 3, "change_message": ""}}, {"model": "admin.logentry", "pk": 97, "fields": {"action_time": "2024-06-04T07:39:57.270Z", "user": 1, "content_type": 4, "object_id": "25", "object_repr": "der", "action_flag": 3, "change_message": ""}}, {"model": "admin.logentry", "pk": 98, "fields": {"action_time": "2024-06-04T07:39:57.282Z", "user": 1, "content_type": 4, "object_id": "26", "object_repr": "patotit", "action_flag": 3, "change_message": ""}}, {"model": "admin.logentry", "pk": 99, "fields": {"action_time": "2024-06-04T07:40:25.615Z", "user": 1, "content_type": 11, "object_id": "2", "object_repr": "PPT Rice", "action_flag": 3, "change_message": ""}}, {"model": "admin.logentry", "pk": 100, "fields": {"action_time": "2024-06-04T07:40:25.626Z", "user": 1, "content_type": 11, "object_id": "1", "object_repr": "McRice", "action_flag": 3, "change_message": ""}}, {"model": "admin.logentry", "pk": 101, "fields": {"action_time": "2024-06-04T07:40:37.185Z", "user": 1, "content_type": 10, "object_id": "2", "object_repr": "#12", "action_flag": 3, "change_message": ""}}, {"model": "admin.logentry", "pk": 102, "fields": {"action_time": "2024-06-04T07:40:37.196Z", "user": 1, "content_type": 10, "object_id": "1", "object_repr": "der6", "action_flag": 3, "change_message": ""}}, {"model": "admin.logentry", "pk": 103, "fields": {"action_time": "2024-06-04T08:08:03.566Z", "user": 1, "content_type": 11, "object_id": "3", "object_repr": "Pure Jasmine Rice", "action_flag": 2, "change_message": "[{\"changed\": {\"fields\": [\"Product description\"]}}]"}}, {"model": "admin.logentry", "pk": 104, "fields": {"action_time": "2024-06-04T08:58:10.723Z", "user": 1, "content_type": 11, "object_id": "16", "object_repr": "Aling Grasya Super Delicious Premium Quality Rice", "action_flag": 2, "change_message": "[{\"changed\": {\"fields\": [\"Product picture\", \"Product price\", \"Product description\"]}}]"}}, {"model": "admin.logentry", "pk": 105, "fields": {"action_time": "2024-06-06T11:12:01.291Z", "user": 1, "content_type": 11, "object_id": "4", "object_repr": "Farmboy Pandan Rice", "action_flag": 2, "change_message": "[{\"changed\": {\"fields\": [\"Product price\"]}}]"}}, {"model": "admin.logentry", "pk": 106, "fields": {"action_time": "2024-06-06T11:12:10.083Z", "user": 1, "content_type": 11, "object_id": "5", "object_repr": "Harvester Special Sinandomeng Rice", "action_flag": 2, "change_message": "[{\"changed\": {\"fields\": [\"Product price\"]}}]"}}, {"model": "admin.logentry", "pk": 107, "fields": {"action_time": "2024-06-06T11:12:16.473Z", "user": 1, "content_type": 11, "object_id": "5", "object_repr": "Harvester Special Sinandomeng Rice", "action_flag": 2, "change_message": "[{\"changed\": {\"fields\": [\"Product price\"]}}]"}}, {"model": "admin.logentry", "pk": 108, "fields": {"action_time": "2024-06-06T11:12:23.206Z", "user": 1, "content_type": 11, "object_id": "6", "object_repr": "Farmboy Dinorado Rice", "action_flag": 2, "change_message": "[{\"changed\": {\"fields\": [\"Product price\"]}}]"}}, {"model": "admin.logentry", "pk": 109, "fields": {"action_time": "2024-06-06T11:12:29.439Z", "user": 1, "content_type": 11, "object_id": "8", "object_repr": "Harvester Long Grain", "action_flag": 2, "change_message": "[{\"changed\": {\"fields\": [\"Product price\"]}}]"}}, {"model": "admin.logentry", "pk": 110, "fields": {"action_time": "2024-06-06T11:12:36.695Z", "user": 1, "content_type": 11, "object_id": "7", "object_repr": "Aling Grasya Blue Jasmine Super Dinorado Rice", "action_flag": 2, "change_message": "[{\"changed\": {\"fields\": [\"Product price\"]}}]"}}, {"model": "admin.logentry", "pk": 111, "fields": {"action_time": "2024-06-06T11:12:58.815Z", "user": 1, "content_type": 11, "object_id": "12", "object_repr": "Restohub Sinandomeng Rice", "action_flag": 2, "change_message": "[{\"changed\": {\"fields\": [\"Product price\"]}}]"}}, {"model": "admin.logentry", "pk": 112, "fields": {"action_time": "2024-06-06T11:13:10.701Z", "user": 1, "content_type": 11, "object_id": "17", "object_repr": "Aling Grasya Blue Jasmine Super Denorado", "action_flag": 2, "change_message": "[{\"changed\": {\"fields\": [\"Product price\"]}}]"}}, {"model": "admin.logentry", "pk": 113, "fields": {"action_time": "2024-06-06T11:13:17.637Z", "user": 1, "content_type": 11, "object_id": "18", "object_repr": "Aling Grasya Brown Rice", "action_flag": 2, "change_message": "[{\"changed\": {\"fields\": [\"Product price\"]}}]"}}, {"model": "admin.logentry", "pk": 114, "fields": {"action_time": "2024-06-06T11:13:23.567Z", "user": 1, "content_type": 11, "object_id": "13", "object_repr": "Aling Grasya Super Delicious Premium Quality Rice", "action_flag": 2, "change_message": "[{\"changed\": {\"fields\": [\"Product price\"]}}]"}}, {"model": "admin.logentry", "pk": 115, "fields": {"action_time": "2024-06-06T11:13:46.033Z", "user": 1, "content_type": 11, "object_id": "14", "object_repr": "Aling Grasya Brown Rice", "action_flag": 2, "change_message": "[{\"changed\": {\"fields\": [\"Product price\"]}}]"}}, {"model": "admin.logentry", "pk": 116, "fields": {"action_time": "2024-06-06T11:13:54.095Z", "user": 1, "content_type": 11, "object_id": "15", "object_repr": "Aling Grasya Super Lucky Well-Milled Rice", "action_flag": 2, "change_message": "[{\"changed\": {\"fields\": [\"Product price\"]}}]"}}, {"model": "admin.logentry", "pk": 117, "fields": {"action_time": "2024-06-06T11:14:45.442Z", "user": 1, "content_type": 11, "object_id": "18", "object_repr": "Aling Grasya Brown Rice", "action_flag": 2, "change_message": "[]"}}, {"model": "admin.logentry", "pk": 118, "fields": {"action_time": "2024-06-06T11:14:53.116Z", "user": 1, "content_type": 11, "object_id": "19", "object_repr": "Aling Grasya Super Lucky Well-Milled Rice", "action_flag": 2, "change_message": "[{\"changed\": {\"fields\": [\"Product price\"]}}]"}}, {"model": "admin.logentry", "pk": 119, "fields": {"action_time": "2024-06-06T11:15:00.664Z", "user": 1, "content_type": 11, "object_id": "16", "object_repr": "Aling Grasya Super Delicious Premium Quality Rice", "action_flag": 2, "change_message": "[{\"changed\": {\"fields\": [\"Product price\"]}}]"}}, {"model": "admin.logentry", "pk": 120, "fields": {"action_time": "2024-06-06T11:18:34.810Z", "user": 1, "content_type": 11, "object_id": "21", "object_repr": "Aling Grasya Special Pandan Super Denorado", "action_flag": 2, "change_message": "[{\"changed\": {\"fields\": [\"Product price\"]}}]"}}, {"model": "admin.logentry", "pk": 121, "fields": {"action_time": "2024-06-11T00:46:12.258Z", "user": 1, "content_type": 13, "object_id": "16", "object_repr": "Order for Jordan Farms Basmati Rice by sandor", "action_flag": 3, "change_message": ""}}, {"model": "admin.logentry", "pk": 122, "fields": {"action_time": "2024-06-11T00:46:12.265Z", "user": 1, "content_type": 13, "object_id": "15", "object_repr": "Order for Grainsmart Rice Mariposa Jasmine Rice by sandor", "action_flag": 3, "change_message": ""}}, {"model": "admin.logentry", "pk": 123, "fields": {"action_time": "2024-06-11T00:46:12.271Z", "user": 1, "content_type": 13, "object_id": "14", "object_repr": "Order for Aling Grasya Super Delicious Premium Quality Rice by sandor", "action_flag": 3, "change_message": ""}}, {"model": "admin.logentry", "pk": 124, "fields": {"action_time": "2024-06-11T00:46:12.277Z", "user": 1, "content_type": 13, "object_id": "13", "object_repr": "Order for Aling Grasya Brown Rice by sandor", "action_flag": 3, "change_message": ""}}, {"model": "admin.logentry", "pk": 125, "fields": {"action_time": "2024-06-11T00:46:12.284Z", "user": 1, "content_type": 13, "object_id": "12", "object_repr": "Order for Sacred Grains Sinandomeng Rice by sandor", "action_flag": 3, "change_message": ""}}, {"model": "admin.logentry", "pk": 126, "fields": {"action_time": "2024-06-11T00:46:12.290Z", "user": 1, "content_type": 13, "object_id": "11", "object_repr": "Order for Pure Jasmine Rice by sandor", "action_flag": 3, "change_message": ""}}, {"model": "admin.logentry", "pk": 127, "fields": {"action_time": "2024-06-11T00:46:12.296Z", "user": 1, "content_type": 13, "object_id": "6", "object_repr": "Order for Pure Jasmine Rice by admin", "action_flag": 3, "change_message": ""}}, {"model": "admin.logentry", "pk": 128, "fields": {"action_time": "2024-06-11T00:46:37.056Z", "user": 1, "content_type": 10, "object_id": "6", "object_repr": "10 Patrick Josuah, Cavite", "action_flag": 2, "change_message": "[{\"changed\": {\"fields\": [\"Home address\"]}}]"}}, {"model": "admin.logentry", "pk": 129, "fields": {"action_time": "2024-06-11T00:46:46.127Z", "user": 1, "content_type": 10, "object_id": "4", "object_repr": "Phase 1, Lot 18, Lilac st. Summer Pointe Residences", "action_flag": 2, "change_message": "[]"}}, {"model": "admin.logentry", "pk": 130, "fields": {"action_time": "2024-06-11T00:46:54.955Z", "user": 1, "content_type": 10, "object_id": "7", "object_repr": "#12", "action_flag": 2, "change_message": "[]"}}, {"model": "admin.logentry", "pk": 131, "fields": {"action_time": "2024-06-11T00:46:59.331Z", "user": 1, "content_type": 10, "object_id": "6", "object_repr": "10 Patrick Josuah, Cavite", "action_flag": 2, "change_message": "[]"}}, {"model": "admin.logentry", "pk": 132, "fields": {"action_time": "2024-06-11T00:47:02.637Z", "user": 1, "content_type": 10, "object_id": "5", "object_repr": "1103 Hev Abi, Downtown", "action_flag": 2, "change_message": "[]"}}, {"model": "admin.logentry", "pk": 133, "fields": {"action_time": "2024-06-11T00:47:10.525Z", "user": 1, "content_type": 10, "object_id": "6", "object_repr": "10 Patrick Josuah, Cavite", "action_flag": 2, "change_message": "[]"}}, {"model": "admin.logentry", "pk": 134, "fields": {"action_time": "2024-06-11T00:47:31.059Z", "user": 1, "content_type": 12, "object_id": "57", "object_repr": "Farmboy Pandan Rice x 1 - pat", "action_flag": 3, "change_message": ""}}, {"model": "admin.logentry", "pk": 135, "fields": {"action_time": "2024-06-11T00:47:31.065Z", "user": 1, "content_type": 12, "object_id": "56", "object_repr": "Pure Jasmine Rice x 1 - pat", "action_flag": 3, "change_message": ""}}, {"model": "admin.logentry", "pk": 136, "fields": {"action_time": "2024-06-11T00:47:31.071Z", "user": 1, "content_type": 12, "object_id": "47", "object_repr": "Harvester Special Sinandomeng Rice x 1 - dadulsawol", "action_flag": 3, "change_message": ""}}, {"model": "admin.logentry", "pk": 137, "fields": {"action_time": "2024-06-11T01:16:11.583Z", "user": 1, "content_type": 11, "object_id": "34", "object_repr": "t", "action_flag": 3, "change_message": ""}}, {"model": "auth.permission", "pk": 1, "fields": {"name": "Can add log entry", "content_type": 1, "codename": "add_logentry"}}, {"model": "auth.permission", "pk": 2, "fields": {"name": "Can change log entry", "content_type": 1, "codename": "change_logentry"}}, {"model": "auth.permission", "pk": 3, "fields": {"name": "Can delete log entry", "content_type": 1, "codename": "delete_logentry"}}, {"model": "auth.permission", "pk": 4, "fields": {"name": "Can view log entry", "content_type": 1, "codename": "view_logentry"}}, {"model": "auth.permission", "pk": 5, "fields": {"name": "Can add permission", "content_type": 2, "codename": "add_permission"}}, {"model": "auth.permission", "pk": 6, "fields": {"name": "Can change permission", "content_type": 2, "codename": "change_permission"}}, {"model": "auth.permission", "pk": 7, "fields": {"name": "Can delete permission", "content_type": 2, "codename": "delete_permission"}}, {"model": "auth.permission", "pk": 8, "fields": {"name": "Can view permission", "content_type": 2, "codename": "view_permission"}}, {"model": "auth.permission", "pk": 9, "fields": {"name": "Can add group", "content_type": 3, "codename": "add_group"}}, {"model": "auth.permission", "pk": 10, "fields": {"name": "Can change group", "content_type": 3, "codename": "change_group"}}, {"model": "auth.permission", "pk": 11, "fields": {"name": "Can delete group", "content_type": 3, "codename": "delete_group"}}, {"model": "auth.permission", "pk": 12, "fields": {"name": "Can view group", "content_type": 3, "codename": "view_group"}}, {"model": "auth.permission", "pk": 13, "fields": {"name": "Can add user", "content_type": 4, "codename": "add_user"}}, {"model": "auth.permission", "pk": 14, "fields": {"name": "Can change user", "content_type": 4, "codename": "change_user"}}, {"model": "auth.permission", "pk": 15, "fields": {"name": "Can delete user", "content_type": 4, "codename": "delete_user"}}, {"model": "auth.permission", "pk": 16, "fields": {"name": "Can view user", "content_type": 4, "codename": "view_user"}}, {"model": "auth.permission", "pk": 17, "fields": {"name": "Can add content type", "content_type": 5, "codename": "add_contenttype"}}, {"model": "auth.permission", "pk": 18, "fields": {"name": "Can change content type", "content_type": 5, "codename": "change_contenttype"}}, {"model": "auth.permission", "pk": 19, "fields": {"name": "Can delete content type", "content_type": 5, "codename": "delete_contenttype"}}, {"model": "auth.permission", "pk": 20, "fields": {"name": "Can view content type", "content_type": 5, "codename": "view_contenttype"}}, {"model": "auth.permission", "pk": 21, "fields": {"name": "Can add session", "content_type": 6, "codename": "add_session"}}, {"model": "auth.permission", "pk": 22, "fields": {"name": "Can change session", "content_type": 6, "codename": "change_session"}}, {"model": "auth.permission", "pk": 23, "fields": {"name": "Can delete session", "content_type": 6, "codename": "delete_session"}}, {"model": "auth.permission", "pk": 24, "fields": {"name": "Can view session", "content_type": 6, "codename": "view_session"}}, {"model": "auth.permission", "pk": 25, "fields": {"name": "Can add user", "content_type": 7, "codename": "add_buyeraccount"}}, {"model": "auth.permission", "pk": 26, "fields": {"name": "Can change user", "content_type": 7, "codename": "change_buyeraccount"}}, {"model": "auth.permission", "pk": 27, "fields": {"name": "Can delete user", "content_type": 7, "codename": "delete_buyeraccount"}}, {"model": "auth.permission", "pk": 28, "fields": {"name": "Can view user", "content_type": 7, "codename": "view_buyeraccount"}}, {"model": "auth.permission", "pk": 29, "fields": {"name": "Can add Seller Account", "content_type": 8, "codename": "add_selleraccount"}}, {"model": "auth.permission", "pk": 30, "fields": {"name": "Can change Seller Account", "content_type": 8, "codename": "change_selleraccount"}}, {"model": "auth.permission", "pk": 31, "fields": {"name": "Can delete Seller Account", "content_type": 8, "codename": "delete_selleraccount"}}, {"model": "auth.permission", "pk": 32, "fields": {"name": "Can view Seller Account", "content_type": 8, "codename": "view_selleraccount"}}, {"model": "auth.permission", "pk": 33, "fields": {"name": "Can add account", "content_type": 9, "codename": "add_account"}}, {"model": "auth.permission", "pk": 34, "fields": {"name": "Can change account", "content_type": 9, "codename": "change_account"}}, {"model": "auth.permission", "pk": 35, "fields": {"name": "Can delete account", "content_type": 9, "codename": "delete_account"}}, {"model": "auth.permission", "pk": 36, "fields": {"name": "Can view account", "content_type": 9, "codename": "view_account"}}, {"model": "auth.permission", "pk": 37, "fields": {"name": "Can add shipping address", "content_type": 10, "codename": "add_shippingaddress"}}, {"model": "auth.permission", "pk": 38, "fields": {"name": "Can change shipping address", "content_type": 10, "codename": "change_shippingaddress"}}, {"model": "auth.permission", "pk": 39, "fields": {"name": "Can delete shipping address", "content_type": 10, "codename": "delete_shippingaddress"}}, {"model": "auth.permission", "pk": 40, "fields": {"name": "Can view shipping address", "content_type": 10, "codename": "view_shippingaddress"}}, {"model": "auth.permission", "pk": 41, "fields": {"name": "Can add product", "content_type": 11, "codename": "add_product"}}, {"model": "auth.permission", "pk": 42, "fields": {"name": "Can change product", "content_type": 11, "codename": "change_product"}}, {"model": "auth.permission", "pk": 43, "fields": {"name": "Can delete product", "content_type": 11, "codename": "delete_product"}}, {"model": "auth.permission", "pk": 44, "fields": {"name": "Can view product", "content_type": 11, "codename": "view_product"}}, {"model": "auth.permission", "pk": 45, "fields": {"name": "Can add cart item", "content_type": 12, "codename": "add_cartitem"}}, {"model": "auth.permission", "pk": 46, "fields": {"name": "Can change cart item", "content_type": 12, "codename": "change_cartitem"}}, {"model": "auth.permission", "pk": 47, "fields": {"name": "Can delete cart item", "content_type": 12, "codename": "delete_cartitem"}}, {"model": "auth.permission", "pk": 48, "fields": {"name": "Can view cart item", "content_type": 12, "codename": "view_cartitem"}}, {"model": "auth.permission", "pk": 49, "fields": {"name": "Can add order", "content_type": 13, "codename": "add_order"}}, {"model": "auth.permission", "pk": 50, "fields": {"name": "Can change order", "content_type": 13, "codename": "change_order"}}, {"model": "auth.permission", "pk": 51, "fields": {"name": "Can delete order", "content_type": 13, "codename": "delete_order"}}, {"model": "auth.permission", "pk": 52, "fields": {"name": "Can view order", "content_type": 13, "codename": "view_order"}}, {"model": "auth.user", "pk": 1, "fields": {"password": "pbkdf2_sha256$720000$aOEeIfgnknH5dmdPj7eJRB$Y+OVkqsjqxUKMdvR4KOZdYqlRSm3uHAhjNw8Zhkcq5c=", "last_login": "2024-06-11T01:15:57.853Z", "is_superuser": true, "username": "admin", "first_name": "", "last_name": "", "email": "", "is_staff": true, "is_active": true, "date_joined": "2024-04-26T11:18:17.277Z", "groups": [], "user_permissions": []}}, {"model": "auth.user", "pk": 27, "fields": {"password": "pbkdf2_sha256$720000$zO2G7yCf26qoEZvvL252Cw$9C1if1UiL8G0z9bHpeqMuDuC87KQfFrE3D1S3zuH/ZY=", "last_login": "2024-06-06T11:16:26.752Z", "is_superuser": false, "username": "dadulsawol", "first_name": "April Joy", "last_name": "Deang", "email": "dadulsawol@gmail.com", "is_staff": false, "is_active": true, "date_joined": "2024-06-04T07:44:13.382Z", "groups": [], "user_permissions": []}}, {"model": "auth.user", "pk": 28, "fields": {"password": "pbkdf2_sha256$720000$durKNF2x5jbEU7lRSUgeuk$0f9RQ6xHbP0nQiPrxoaM+kLjcbcm6I5ThdtHL9ETr7E=", "last_login": "2024-06-11T08:56:20.395Z", "is_superuser": false, "username": "sandor", "first_name": "Airysh Xander", "last_name": "Espero", "email": "derespero@gmail.com", "is_staff": false, "is_active": true, "date_joined": "2024-06-04T08:45:05.811Z", "groups": [], "user_permissions": []}}, {"model": "auth.user", "pk": 29, "fields": {"password": "pbkdf2_sha256$720000$q7LeayhmMpVqCUqYUGtcm5$Rn5bvCCqzoB/YJiQy+IQaCEF/UiGZDMKX4h0dYTkPd4=", "last_login": "2024-06-05T16:20:35.027Z", "is_superuser": false, "username": "emjey", "first_name": "Mark Jhay", "last_name": "Corpuz", "email": "blahblahblah@gmail.com", "is_staff": false, "is_active": true, "date_joined": "2024-06-05T12:02:40.321Z", "groups": [], "user_permissions": []}}, {"model": "auth.user", "pk": 30, "fields": {"password": "pbkdf2_sha256$720000$whd2v9O3krOFJB2rH6Vv2f$j5+A2XX/bVDdVGJ8wtRPGCIpiOz9zxA8NB753Nzu3mU=", "last_login": "2024-06-05T12:05:43.690Z", "is_superuser": false, "username": "castrue", "first_name": "Patrick Josuah", "last_name": "Castro", "email": "castrue@gmail.com", "is_staff": false, "is_active": true, "date_joined": "2024-06-05T12:05:36.583Z", "groups": [], "user_permissions": []}}, {"model": "auth.user", "pk": 31, "fields": {"password": "pbkdf2_sha256$720000$rlciX1pYQpceq1OtPJm01n$gXOk7xUVxDdggf8zjv3KCu5VO2b4XJJJQ54KelLbIqM=", "last_login": "2024-06-09T11:55:18.272Z", "is_superuser": false, "username": "pat", "first_name": "Patrick", "last_name": "Castro", "email": "pat.castro104@gmail.com", "is_staff": false, "is_active": true, "date_joined": "2024-06-09T11:50:04.078Z", "groups": [], "user_permissions": []}}, {"model": "contenttypes.contenttype", "pk": 1, "fields": {"app_label": "admin", "model": "logentry"}}, {"model": "contenttypes.contenttype", "pk": 2, "fields": {"app_label": "auth", "model": "permission"}}, {"model": "contenttypes.contenttype", "pk": 3, "fields": {"app_label": "auth", "model": "group"}}, {"model": "contenttypes.contenttype", "pk": 4, "fields": {"app_label": "auth", "model": "user"}}, {"model": "contenttypes.contenttype", "pk": 5, "fields": {"app_label": "contenttypes", "model": "contenttype"}}, {"model": "contenttypes.contenttype", "pk": 6, "fields": {"app_label": "sessions", "model": "session"}}, {"model": "contenttypes.contenttype", "pk": 7, "fields": {"app_label": "myapp", "model": "buyeraccount"}}, {"model": "contenttypes.contenttype", "pk": 8, "fields": {"app_label": "myapp", "model": "selleraccount"}}, {"model": "contenttypes.contenttype", "pk": 9, "fields": {"app_label": "myapp", "model": "account"}}, {"model": "contenttypes.contenttype", "pk": 10, "fields": {"app_label": "myapp", "model": "shippingaddress"}}, {"model": "contenttypes.contenttype", "pk": 11, "fields": {"app_label": "myapp", "model": "product"}}, {"model": "contenttypes.contenttype", "pk": 12, "fields": {"app_label": "myapp", "model": "cartitem"}}, {"model": "contenttypes.contenttype", "pk": 13, "fields": {"app_label": "myapp", "model": "order"}}, {"model": "sessions.session", "pk": "2nrx2oyt0gljdrye6wz3gt1v64rdqy1k", "fields": {"session_data": ".eJxVjDsOwjAQBe_iGlle_AlLSZ8zWLv2mgRQLMVJhbg7iZQC2jcz760ircsQ1yZzHLO6KlCn340pPWXaQX7QdK861WmZR9a7og_adF-zvG6H-3cwUBu2mnxwgIgSsi1kPJIYTIETMDpyxdjCfA7ZdBdwJQkgO-tBoOMtJFCfL-WJN8g:1s6EE5:e6yuCvn--AkF7f7FIp_-v8YVPh17O10TJE6q_1pK6BQ", "expire_date": "2024-05-26T18:47:13.597Z"}}, {"model": "sessions.session", "pk": "6gxf2gp2xi6unpcj0ixcczjngrl2z0n1", "fields": {"session_data": ".eJxVjMEOwiAQRP-FsyHbLSB49O43EJYFqRpISnsy_rtt0oPeJvPezFv4sC7Frz3NfmJxEajF6bekEJ-p7oQfod6bjK0u80RyV-RBu7w1Tq_r4f4dlNDLtqZkTCZHCcYBwGAMFtAF4BGzSwhglQJGbZBizlpnZNaG9Jms2sIgPl8EKjfG:1sApex:-QgGlP_yULA6kIo_c3TBZ3ff5AF8omgBKRasr2sSITY", "expire_date": "2024-06-08T11:33:59.204Z"}}, {"model": "sessions.session", "pk": "cutijoz0mz1dnqe7uuq2dkz2dbyujajg", "fields": {"session_data": ".eJxVjDsOwjAQBe_iGlnrNf5R0nMGa-1dcAAlUpxUiLtDpBTQvpl5L5VpXVpeu8x5YHVS6NXhdyxUHzJuhO803iZdp3GZh6I3Re-068vE8jzv7t9Bo96-tbcoEaqEcA0M0ZKJWJMFYUMGsTgDwTuhdASbPFsTPQKGGgqAK5zU-wPl8zbZ:1sDMMw:ANnPqda-Qz5TlA75NpGYm0ZpflyWSdIOd9t-X2NpA9k", "expire_date": "2024-06-15T10:53:50.789Z"}}, {"model": "sessions.session", "pk": "etwsoktsziof57uo8vsui8qtau82wngr", "fields": {"session_data": ".eJxVjDsOwjAQBe_iGlnrNf5R0nMGa-1dcAAlUpxUiLtDpBTQvpl5L5VpXVpeu8x5YHVS6NXhdyxUHzJuhO803iZdp3GZh6I3Re-068vE8jzv7t9Bo96-tbcoEaqEcA0M0ZKJWJMFYUMGsTgDwTuhdASbPFsTPQKGGgqAK5zU-wPl8zbZ:1sCaG3:M0TjvKXrkFwiu9Vr4BIemC-ZwfBLddKZbTufIASceO4", "expire_date": "2024-06-13T07:31:31.288Z"}}, {"model": "sessions.session", "pk": "g7y2cdteujr72bxpfjgzni3j769h4xlt", "fields": {"session_data": ".eJxVjDsOwjAQBe_iGlnrNf5R0nMGa-1dcAAlUpxUiLtDpBTQvpl5L5VpXVpeu8x5YHVS6NXhdyxUHzJuhO803iZdp3GZh6I3Re-068vE8jzv7t9Bo96-tbcoEaqEcA0M0ZKJWJMFYUMGsTgDwTuhdASbPFsTPQKGGgqAK5zU-wPl8zbZ:1sCZo0:0MpIWT3KCLGzOiAUGBhivgrZ37NDT4e4lOfqLxY_NL8", "expire_date": "2024-06-13T07:02:32.206Z"}}, {"model": "sessions.session", "pk": "id9p7j0t4igjd2y1hgukfzhj3qafy34b", "fields": {"session_data": ".eJxVjDsOwjAQBe_iGlnrNf5R0nMGa-1dcAAlUpxUiLtDpBTQvpl5L5VpXVpeu8x5YHVS6NXhdyxUHzJuhO803iZdp3GZh6I3Re-068vE8jzv7t9Bo96-tbcoEaqEcA0M0ZKJWJMFYUMGsTgDwTuhdASbPFsTPQKGGgqAK5zU-wPl8zbZ:1sBwvx:CiF8dmLJZN_hl79Bg8_l4FBIta2MmRCElLbdpoQ0t5Y", "expire_date": "2024-06-11T13:32:09.781Z"}}, {"model": "sessions.session", "pk": "inxn31c6zlvvuwq7m487uybn2rf7llee", "fields": {"session_data": ".eJxVjDsOwjAQBe_iGlnrNf5R0nMGa-1dcAAlUpxUiLtDpBTQvpl5L5VpXVpeu8x5YHVS6NXhdyxUHzJuhO803iZdp3GZh6I3Re-068vE8jzv7t9Bo96-tbcoEaqEcA0M0ZKJWJMFYUMGsTgDwTuhdASbPFsTPQKGGgqAK5zU-wPl8zbZ:1sCHKB:mWzqcm-BO7N1R9A5Sz9KbOPFNwceIP3OKAvK8ySedq8", "expire_date": "2024-06-12T11:18:31.892Z"}}, {"model": "sessions.session", "pk": "k0ux9vrnrsognlvcxugugy6p27rtiqb8", "fields": {"session_data": ".eJxVjDsOwjAQBe_iGln-x6Gk5wzWrteLA8iR4qRC3B0ipYD2zcx7iQTbWtPWy5ImEmdhojj9jgj5UdpO6A7tNss8t3WZUO6KPGiX15nK83K4fwcVev3WXNiqQVvEMWty3sWRAKEEBWA4ePbI1phBA4G1NhTHrFBhBkKM0Yn3By8-OUA:1sGAEx:binzWhdRsR1szZdaB5ur-gsitVUkfXtwuC_Y77WVDw0", "expire_date": "2024-06-23T04:33:11.623Z"}}, {"model": "sessions.session", "pk": "ngvjvb18diw7zlozxhomfa14bcy5gtor", "fields": {"session_data": ".eJxVjDsOwjAQBe_iGln-x6Gk5wzWrteLA8iR4qRC3B0ipYD2zcx7iQTbWtPWy5ImEmdhojj9jgj5UdpO6A7tNss8t3WZUO6KPGiX15nK83K4fwcVev3WXNiqQVvEMWty3sWRAKEEBWA4ePbI1phBA4G1NhTHrFBhBkKM0Yn3By8-OUA:1sEQ02:og1S6b8TCJAmEBn-0x6j9m6EkOrIX_l89ozCAPi9m4Y", "expire_date": "2024-06-18T08:58:34.569Z"}}, {"model": "sessions.session", "pk": "oja0js6vwmez3ueoi543gubk3wv90615", "fields": {"session_data": ".eJxVjEEOwiAQRe_C2hCgQwGX7j0DGYZBqoYmpV0Z765NutDtf-_9l4i4rTVunZc4ZXEWxovT75iQHtx2ku_YbrOkua3LlOSuyIN2eZ0zPy-H-3dQsddvrdA79LYAFA2FLDodbFHsjQ-jVoZ4HAo4CgbIZDIOMmetWVmbBqdIvD_7Kzer:1sGxIi:m91EjMNH_GEeeydWneK6Zli10-R45bcPji6xOn_RqcI", "expire_date": "2024-06-25T08:56:20.403Z"}}, {"model": "sessions.session", "pk": "pwratfgw6ysjlpbs5dkg730vmf4wv4rc", "fields": {"session_data": ".eJxVjEEOwiAQRe_C2pCBUpi6dN8zEBimUjWQlHZlvLtt0oVu_3vvv4UP25r91njxcxJXocTld4uBnlwOkB6h3KukWtZljvJQ5EmbHGvi1-10_w5yaHmv0RmlcbCQDCEwx4SWFfXs0LgpgRswwARWoyIXlOrYEvVAmvaoAxKfL8uCN00:1s50XE:rW7QMdGi-5_iiess0x1BT2H2WanQhwKY8XzgOJQ8z3g", "expire_date": "2024-05-23T09:57:56.211Z"}}, {"model": "sessions.session", "pk": "qi4nszff0yf08qqdfp8ce09zfyj1z8lr", "fields": {"session_data": ".eJxVjMEOwiAQRP-FsyHbLSB49O43EJYFqRpISnsy_rtt0oPeJvPezFv4sC7Frz3NfmJxEajF6bekEJ-p7oQfod6bjK0u80RyV-RBu7w1Tq_r4f4dlNDLtqZkTCZHCcYBwGAMFtAF4BGzSwhglQJGbZBizlpnZNaG9Jms2sIgPl8EKjfG:1sAkUz:pI4Ycvh8aEyUT1Ko6sAnDHHhIj6Jb1bh1M4WYmqzmKQ", "expire_date": "2024-06-08T06:03:21.407Z"}}, {"model": "sessions.session", "pk": "sqd0v75bc2anj8z0w4a0fkktcp2o25ud", "fields": {"session_data": ".eJxVjMsOwiAQRf-FtSFAp8C4dO83NDM8pGogKe3K-O_apAvd3nPOfYmJtrVMW0_LNEdxFqM4_W5M4ZHqDuKd6q3J0Oq6zCx3RR60y2uL6Xk53L-DQr18a8QB7Giy8giYgBmUQaWBnbMQsnfkc9CEjHYcIEWXyBnLzEZ7VGjF-wO6rDcG:1s54QH:3UQwsmRNAZHOfwXSYU7cf3IwdMYmHxwPosgJ6ihiPVI", "expire_date": "2024-05-23T14:07:01.603Z"}}, {"model": "sessions.session", "pk": "sxi909zhxy4gruwxk4j39acs69l1y9yw", "fields": {"session_data": ".eJxVjDsOwjAQBe_iGlle_AlLSZ8zWLv2mgRQLMVJhbg7iZQC2jcz760ircsQ1yZzHLO6KlCn340pPWXaQX7QdK861WmZR9a7og_adF-zvG6H-3cwUBu2mnxwgIgSsi1kPJIYTIETMDpyxdjCfA7ZdBdwJQkgO-tBoOMtJFCfL-WJN8g:1s6O6z:yJuBBmkkuqLaDAUDy0ASApAYCk2DSsC6mMM9gYwfbUU", "expire_date": "2024-05-27T05:20:33.086Z"}}, {"model": "sessions.session", "pk": "wpasue4qti76ssw3pa81jl7r6b36izil", "fields": {"session_data": ".eJxVjEEOwiAQRe_C2pChwxRw6d4zEGAmUjU0Ke3KeHdt0oVu_3vvv1RM21rj1mWJE6uzQqNOv2NO5SFtJ3xP7TbrMrd1mbLeFX3Qrq8zy_NyuH8HNfX6rbNYRnEOg_PWI7BYKOxpKFYy2YTBjMAAIEFGMt4xZSJfEBEGAaPeH_RyNxA:1sGH8o:WL0ydcvmTfKW-8DRiKegzkFeY2tSBQmkoVOQ17bvrhI", "expire_date": "2024-06-23T11:55:18.515Z"}}, {"model": "sessions.session", "pk": "x5ruyquke7f4y8lqokbizqy8lm25kwff", "fields": {"session_data": ".eJxVjEEOwiAQRe_C2hAoTAGX7j0DmYFBqoYmpV0Z765NutDtf-_9l4i4rTVunZc4ZXEWGsTpdyRMD247yXdst1mmua3LRHJX5EG7vM6Zn5fD_Tuo2Ou3Jld4ABoTaBtYMwKYkAjHosk6H7Jhp6w23lMhhQiDQnDeGkvJF2fF-wMTMTgK:1s7BYM:AtPjQrwWBdEkx_wUCmquP1zo233TldTUEnnGvE0GVGk", "expire_date": "2024-05-29T10:08:06.738Z"}}, {"model": "myapp.account", "pk": 4, "fields": {"user": 27, "name": null, "email": null, "profile_picture": "profile_pictures/𝒔𝒉𝒆𝒆𝒕𝒂.jpg"}}, {"model": "myapp.account", "pk": 5, "fields": {"user": 28, "name": null, "email": null, "profile_picture": "profile_pictures/FINAL.jpg"}}, {"model": "myapp.account", "pk": 6, "fields": {"user": 29, "name": null, "email": null, "profile_picture": "profile_pictures/haru.jpg"}}, {"model": "myapp.account", "pk": 7, "fields": {"user": 30, "name": null, "email": null, "profile_picture": "profile_pictures/patsiw.jpg"}}, {"model": "myapp.account", "pk": 8, "fields": {"user": 31, "name": null, "email": null, "profile_picture": "profile_pictures/369019069_2017206831966379_8601452221275302190_n.jpg"}}, {"model": "myapp.shippingaddress", "pk": 3, "fields": {"account": 27, "region": "3", "province": "Pampanga", "city": "Angeles", "barangay": "Pandan", "postal_code": "2001", "home_address": "372 Atis St. Landtenure Pandan Angeles City"}}, {"model": "myapp.shippingaddress", "pk": 4, "fields": {"account": 28, "region": "IV-A", "province": "Cavite", "city": "Imus", "barangay": "Pasong Buaya li", "postal_code": "2009", "home_address": "Phase 1, Lot 18, Lilac st. Summer Pointe Residences"}}, {"model": "myapp.shippingaddress", "pk": 5, "fields": {"account": 29, "region": "NCR", "province": "Metro Manila", "city": "Quezon City", "barangay": "Mariblo", "postal_code": "1104", "home_address": "1103 Hev Abi, Downtown"}}, {"model": "myapp.shippingaddress", "pk": 6, "fields": {"account": 30, "region": "IV", "province": "Juswa150", "city": "Rawr", "barangay": "Blah", "postal_code": "0143", "home_address": "10 Patrick Josuah, Cavite"}}, {"model": "myapp.shippingaddress", "pk": 7, "fields": {"account": 31, "region": "4A", "province": "Cavite", "city": "Bacoor City", "barangay": "Molino 3", "postal_code": "4102", "home_address": "#12"}}, {"model": "myapp.product", "pk": 3, "fields": {"account": 27, "product_picture": "product_pictures/Screenshot_2024-06-04_160242.png", "product_name": "Pure Jasmine Rice", "product_price": 86, "product_origin": "Masagana Trading", "product_description": "Naturally aromatic specially while being cooked.  Has a soft sticky texture when cooked."}}, {"model": "myapp.product", "pk": 4, "fields": {"account": 27, "product_picture": "product_pictures/Screenshot_2024-06-04_161012.png", "product_name": "Farmboy Pandan Rice", "product_price": 60, "product_origin": "Farmboy Products", "product_description": "It boasts of a sweet pandan aroma together with its soft and delicious taste. Pandan is fragrant plant that grows abundantly in Southeast Asia with a unique and sweet aroma."}}, {"model": "myapp.product", "pk": 5, "fields": {"account": 27, "product_picture": "product_pictures/Screenshot_2024-06-04_161221.png", "product_name": "Harvester Special Sinandomeng Rice", "product_price": 40, "product_origin": "Harvester's", "product_description": "Sinandomeng is a traditional Filipino favorite, the long and slender grains when cooked produce a delicious aroma and soft texture. You can’t go wrong with Harvester’s Sinandomeng!"}}, {"model": "myapp.product", "pk": 6, "fields": {"account": 27, "product_picture": "product_pictures/Screenshot_2024-06-04_161528.png", "product_name": "Farmboy Dinorado Rice", "product_price": 65, "product_origin": "Harvester's", "product_description": "Farmboy Dinorado Rice is a soft, slightly sticky rice variety,with a delicious fragrant aroma. Good source of energy and Gluten-free!"}}, {"model": "myapp.product", "pk": 7, "fields": {"account": 27, "product_picture": "product_pictures/Screenshot_2024-06-04_161702.png", "product_name": "Aling Grasya Blue Jasmine Super Dinorado Rice", "product_price": 90, "product_origin": "Aling Grasya", "product_description": "Masarap, Malambot, Maputi, Mabango at Lagkitan."}}, {"model": "myapp.product", "pk": 8, "fields": {"account": 27, "product_picture": "product_pictures/Screenshot_2024-06-04_161953.png", "product_name": "Harvester Long Grain", "product_price": 60, "product_origin": "Harvester's", "product_description": "For Filipinos, we love that “buhaghag” type of rice."}}, {"model": "myapp.product", "pk": 9, "fields": {"account": 27, "product_picture": "product_pictures/Screenshot_2024-06-04_162418.png", "product_name": "Coco Pandan Rice", "product_price": 88, "product_origin": "Bigas Ph", "product_description": "Perfectly soft and whole grain, this fragrant rice is clean, delicious, and ideal for all Filipino ulams."}}, {"model": "myapp.product", "pk": 10, "fields": {"account": 27, "product_picture": "product_pictures/Screenshot_2024-06-04_163248.png", "product_name": "Familia Sinandomeng Rice", "product_price": 74, "product_origin": "SukiGrocer", "product_description": "We deliver to Metro Manila. Delivery Period: 1-2 days No minimum order required. Budget-friendly quality items."}}, {"model": "myapp.product", "pk": 11, "fields": {"account": 27, "product_picture": "product_pictures/Screenshot_2024-06-04_163603.png", "product_name": "Bigas Coco Pandan Buko Pandan", "product_price": 84, "product_origin": "Aling Grasya", "product_description": "High-quality ingredients used, the perfect ingredient for buko pandan!,"}}, {"model": "myapp.product", "pk": 12, "fields": {"account": 27, "product_picture": "product_pictures/Screenshot_2024-06-04_163730.png", "product_name": "Restohub Sinandomeng Rice", "product_price": 50, "product_origin": "Restohub", "product_description": "Lam Rice variant is the “Sinandomeng,” a traditional favorite , which is white and long grain."}}, {"model": "myapp.product", "pk": 13, "fields": {"account": 28, "product_picture": "product_pictures/Screenshot_2024-06-04_164701.png", "product_name": "Aling Grasya Super Delicious Premium Quality Rice", "product_price": 52, "product_origin": "Aling Grasya", "product_description": "Whole grain and Affordable"}}, {"model": "myapp.product", "pk": 14, "fields": {"account": 28, "product_picture": "product_pictures/Screenshot_2024-06-04_165152.png", "product_name": "Aling Grasya Brown Rice", "product_price": 55, "product_origin": "Aling Grasya", "product_description": "Aling Grasya Brown Rice is naturally Gluten-free and helps for weight loss."}}, {"model": "myapp.product", "pk": 15, "fields": {"account": 28, "product_picture": "product_pictures/Screenshot_2024-06-04_165307.png", "product_name": "Aling Grasya Super Lucky Well-Milled Rice", "product_price": 88, "product_origin": "Aling Grasya", "product_description": "Laminated Sack. WELL-MILLED QUALITY. 25KGS"}}, {"model": "myapp.product", "pk": 16, "fields": {"account": 28, "product_picture": "product_pictures/Screenshot_2024-06-04_165710.png", "product_name": "Aling Grasya Super Delicious Premium Quality Rice", "product_price": 68, "product_origin": "Aling Grasya", "product_description": "Premium Quality & Whole Grain"}}, {"model": "myapp.product", "pk": 17, "fields": {"account": 28, "product_picture": "product_pictures/Screenshot_2024-06-04_165909.png", "product_name": "Aling Grasya Blue Jasmine Super Denorado", "product_price": 100, "product_origin": "Aling Grasya", "product_description": "Deliciously fragrant rice. Perfect for special occasions."}}, {"model": "myapp.product", "pk": 18, "fields": {"account": 28, "product_picture": "product_pictures/Screenshot_2024-06-04_170046.png", "product_name": "Aling Grasya Brown Rice", "product_price": 60, "product_origin": "Aling Grasya", "product_description": "It is packed with beneficial nutrients that our body needs such as Magnesium that keeps the heart healthy and Manganese that aids in bone development."}}, {"model": "myapp.product", "pk": 19, "fields": {"account": 28, "product_picture": "product_pictures/Screenshot_2024-06-04_170206.png", "product_name": "Aling Grasya Super Lucky Well-Milled Rice", "product_price": 63, "product_origin": "Aling Grasya", "product_description": "Delicious and fluffy rice!"}}, {"model": "myapp.product", "pk": 20, "fields": {"account": 28, "product_picture": "product_pictures/Screenshot_2024-06-04_170401.png", "product_name": "Aling Grasya Special Pandan Super Denorado Rice", "product_price": 360, "product_origin": "Aling Grasya", "product_description": "The grains are long and fluffy & Delicious and fragrant rice!"}}, {"model": "myapp.product", "pk": 21, "fields": {"account": 28, "product_picture": "product_pictures/Screenshot_2024-06-04_170521.png", "product_name": "Aling Grasya Special Pandan Super Denorado", "product_price": 90, "product_origin": "Aling Grasya", "product_description": "Superior quality denorado rice, satisfyingly fluffy grains, fragrant and aromatic"}}, {"model": "myapp.product", "pk": 22, "fields": {"account": 28, "product_picture": "product_pictures/Screenshot_2024-06-04_170812.png", "product_name": "Grainsmart Rice Mariposa Jasmine Rice", "product_price": 100, "product_origin": "Grainsmart", "product_description": "Introducing our Mariposa Jasmine Rice, proudly sourced from Grainsmart Rice Farm Rice."}}, {"model": "myapp.product", "pk": 23, "fields": {"account": 29, "product_picture": "product_pictures/Don_Quijote_Premium_Japanese_Rice.png", "product_name": "Don Quijote Premium Japanese Rice", "product_price": 100, "product_origin": "Japan", "product_description": "Don Quijote Premium Japanese Rice is renowned for its exceptional quality, purity, texture, and flavor. Cultivated in Japan's fertile regions, it is ideal for traditional dishes like sushi and onigiri."}}, {"model": "myapp.product", "pk": 24, "fields": {"account": 29, "product_picture": "product_pictures/Doña_Maria_Jasponica_Brown_Rice.jpg", "product_name": "Doña Maria Jasponica Brown Rice", "product_price": 100, "product_origin": "Philippines", "product_description": "Doña Maria Jasponica Brown Rice: a premium Filipino variety blending Japanese and jasmine rice qualities. Nutty, chewy, and nutritious, it's a healthy choice for diverse dishes, boasting whole grain benefits with excellent taste and quality."}}, {"model": "myapp.product", "pk": 25, "fields": {"account": 29, "product_picture": "product_pictures/Doña_Maria_Jasponica_Premium_Rice.jpg", "product_name": "Doña Maria Jasponica Premium Rice", "product_price": 80, "product_origin": "Philippines", "product_description": "Doña Maria Jasponica Premium Rice is renowned for its nutty flavor, chewy texture, and high nutrition."}}, {"model": "myapp.product", "pk": 26, "fields": {"account": 29, "product_picture": "product_pictures/Farmboy_Sinandomeng_Rice.jpg", "product_name": "Farmboy Sinandomeng Rice", "product_price": 75, "product_origin": "Philippines", "product_description": "Farmboy Sinandomeng Rice is renowned for its superior taste, soft texture, and versatility in cooking."}}, {"model": "myapp.product", "pk": 27, "fields": {"account": 29, "product_picture": "product_pictures/Goldmine_Black_Rice.jpg", "product_name": "Goldmine Black Rice", "product_price": 90, "product_origin": "China", "product_description": "Goldmine Black Rice is renowned for its striking color, nutty flavor, and rich nutrients. Its deep black hue adds gourmet flair to dishes while providing health benefits like antioxidants."}}, {"model": "myapp.product", "pk": 28, "fields": {"account": 29, "product_picture": "product_pictures/Goldmine_Organic_Red_Rice.jpg", "product_name": "Goldmine Organic Red Rice", "product_price": 85, "product_origin": "Philippines", "product_description": "Goldmine Organic Red Rice offers a vibrant red hue, nutty flavor, and high nutrition. Additionally, it adds visual appeal and unique taste."}}, {"model": "myapp.product", "pk": 29, "fields": {"account": 29, "product_picture": "product_pictures/Jordan_Farms_Basmati_Rice.jpg", "product_name": "Jordan Farms Basmati Rice", "product_price": 75, "product_origin": "India", "product_description": "Jordan Farms Basmati Rice is renowned for its aromatic, slender grains and delicate flavor."}}, {"model": "myapp.product", "pk": 30, "fields": {"account": 29, "product_picture": "product_pictures/Master_Chef_Premium_Super_Angelica_Dinorado_Rice.jpg", "product_name": "Master Chef Premium Super Angelica Dinorado Rice", "product_price": 90, "product_origin": "Philippines", "product_description": "Master Chef Premium Super Angelica Dinorado Rice is renowned for its exceptional quality, fragrance, and flavor. Additionally, it is sourced from top rice fields and meticulously processed."}}, {"model": "myapp.product", "pk": 31, "fields": {"account": 29, "product_picture": "product_pictures/Riso_Scotti_Carnaroli_Risotto_Rice.jpg", "product_name": "Riso Scotti Carnaroli Risotto Rice", "product_price": 120, "product_origin": "Italy", "product_description": "Riso Scotti Carnaroli Risotto Rice is prized for its high starch content and firm texture, perfect for creamy risottos."}}, {"model": "myapp.product", "pk": 32, "fields": {"account": 29, "product_picture": "product_pictures/Sacred_Grains_Sinandomeng_Rice.jpg", "product_name": "Sacred Grains Sinandomeng Rice", "product_price": 85, "product_origin": "Philippines", "product_description": "Sacred Grains Sinandomeng Rice offers excellent taste, fluffy texture, and versatility."}}, {"model": "myapp.product", "pk": 33, "fields": {"account": 31, "product_picture": "product_pictures/image_2024-06-09_195607985.png", "product_name": "Baguio Organic Red Rice", "product_price": 79, "product_origin": "Baguio City", "product_description": "🌲 Harvested from cordillera region. Perfect for rice wine. Natural coloring for white rice. This is great for those who as diabetes because of its low carb."}}, {"model": "myapp.product", "pk": 35, "fields": {"account": 28, "product_picture": "product_pictures/ricecorn.jpg", "product_name": "Corn Rice", "product_price": 59, "product_origin": "London", "product_description": "Yellow corned flavored rice"}}, {"model": "myapp.order", "pk": 7, "fields": {"user": 30, "product": 3, "quantity": 1, "total_price": "86.00", "payment_method": "cash_on_delivery", "seller": 4, "timestamp": "2024-06-05T12:05:57.311Z", "status": null}}, {"model": "myapp.order", "pk": 8, "fields": {"user": 29, "product": 3, "quantity": 1, "total_price": "86.00", "payment_method": "cash_on_delivery", "seller": 4, "timestamp": "2024-06-05T14:15:20.915Z", "status": 4}}, {"model": "myapp.order", "pk": 9, "fields": {"user": 31, "product": 3, "quantity": 1, "total_price": "86.00", "payment_method": "cash_on_delivery", "seller": 4, "timestamp": "2024-06-09T11:50:59.608Z", "status": null}}, {"model": "myapp.order", "pk": 10, "fields": {"user": 31, "product": 33, "quantity": 1, "total_price": "79.00", "payment_method": "cash_on_delivery", "seller": 8, "timestamp": "2024-06-09T12:04:36.789Z", "status": 3}}, {"model": "myapp.order", "pk": 17, "fields": {"user": 28, "product": 20, "quantity": 1, "total_price": "360.00", "payment_method": "card_payment", "seller": 5, "timestamp": "2024-06-11T08:59:24.587Z", "status": 2}}, {"model": "myapp.order", "pk": 18, "fields": {"user": 28, "product": 3, "quantity": 1, "total_price": "86.00", "payment_method": "card_payment", "seller": 4, "timestamp": "2024-06-11T08:59:24.607Z", "status": null}}]